city,toss_decision,target_runs,team1_enc,team2_enc,winner_enc,toss_winner_enc,year,month,day
Bangalore,field,223.0,8.0,3.0,3.0,8.0,2008,4,18
Chandigarh,bat,241.0,6.0,0.0,0.0,0.0,2008,4,19
Delhi,bat,130.0,1.0,7.0,1.0,7.0,2008,4,19
Mumbai,bat,166.0,5.0,8.0,8.0,5.0,2008,4,20
Kolkata,bat,111.0,3.0,9.0,3.0,9.0,2008,4,20
Jaipur,bat,167.0,7.0,6.0,7.0,6.0,2008,4,21
Hyderabad,bat,143.0,9.0,1.0,1.0,9.0,2008,4,22
Chennai,field,209.0,0.0,5.0,0.0,5.0,2008,4,23
Hyderabad,field,215.0,9.0,7.0,7.0,7.0,2008,4,24
Chandigarh,field,183.0,6.0,5.0,6.0,5.0,2008,4,25
Bangalore,field,136.0,8.0,7.0,7.0,7.0,2008,4,26
Chennai,bat,148.0,0.0,3.0,0.0,3.0,2008,4,26
Mumbai,field,155.0,5.0,9.0,9.0,9.0,2008,4,27
Chandigarh,bat,159.0,6.0,1.0,6.0,1.0,2008,4,27
Bangalore,bat,179.0,8.0,0.0,0.0,0.0,2008,4,28
Kolkata,bat,138.0,3.0,5.0,5.0,3.0,2008,4,29
Delhi,field,192.0,1.0,8.0,1.0,8.0,2008,4,30
Hyderabad,field,165.0,9.0,6.0,6.0,6.0,2008,5,1
Jaipur,bat,197.0,7.0,3.0,7.0,7.0,2008,5,1
Chennai,bat,170.0,0.0,1.0,1.0,0.0,2008,5,2
Chandigarh,bat,179.0,6.0,3.0,6.0,6.0,2008,5,3
Bangalore,field,157.0,8.0,9.0,8.0,9.0,2008,5,3
Mumbai,field,163.0,5.0,1.0,5.0,1.0,2008,5,4
Jaipur,bat,110.0,7.0,0.0,7.0,0.0,2008,5,4
Bangalore,field,127.0,8.0,6.0,6.0,6.0,2008,5,5
Chennai,field,145.0,0.0,9.0,9.0,9.0,2008,5,6
Mumbai,field,104.0,5.0,7.0,5.0,5.0,2008,5,7
Delhi,field,188.0,1.0,0.0,0.0,0.0,2008,5,8
Kolkata,bat,130.0,3.0,8.0,3.0,3.0,2008,5,8
Jaipur,field,141.0,7.0,9.0,7.0,7.0,2008,5,9
Chennai,field,182.0,0.0,6.0,0.0,6.0,2008,5,10
Hyderabad,bat,205.0,9.0,3.0,3.0,3.0,2008,5,11
Jaipur,field,157.0,7.0,1.0,7.0,7.0,2008,5,11
Chandigarh,bat,144.0,6.0,8.0,6.0,8.0,2008,5,12
Kolkata,bat,134.0,3.0,1.0,3.0,3.0,2008,5,13
Mumbai,field,157.0,5.0,0.0,5.0,5.0,2008,5,14
Delhi,field,195.0,1.0,9.0,1.0,9.0,2008,5,15
Mumbai,field,68.0,5.0,3.0,5.0,5.0,2008,5,16
Delhi,bat,89.0,1.0,6.0,6.0,1.0,2008,5,17
Jaipur,field,198.0,7.0,8.0,7.0,8.0,2008,5,17
Hyderabad,field,179.0,9.0,5.0,5.0,9.0,2008,5,18
Kolkata,bat,53.0,3.0,0.0,0.0,3.0,2008,5,18
Bangalore,field,155.0,8.0,1.0,1.0,1.0,2008,5,19
Kolkata,field,148.0,3.0,7.0,7.0,7.0,2008,5,20
Mumbai,field,190.0,5.0,6.0,6.0,5.0,2008,5,21
Chennai,bat,127.0,0.0,8.0,8.0,8.0,2008,5,21
Chandigarh,field,176.0,6.0,9.0,6.0,6.0,2008,5,23
Delhi,field,177.0,1.0,5.0,1.0,1.0,2008,5,24
Chennai,bat,212.0,0.0,7.0,7.0,7.0,2008,5,24
Hyderabad,bat,166.0,9.0,8.0,8.0,9.0,2008,5,25
Kolkata,bat,175.0,3.0,6.0,3.0,6.0,2008,5,25
Jaipur,field,146.0,7.0,5.0,7.0,7.0,2008,5,26
Hyderabad,bat,148.0,9.0,0.0,0.0,9.0,2008,5,27
Bangalore,field,123.0,8.0,5.0,5.0,5.0,2008,5,28
Chandigarh,field,222.0,6.0,7.0,6.0,7.0,2008,5,28
Mumbai,field,193.0,1.0,7.0,7.0,1.0,2008,5,30
Mumbai,bat,113.0,0.0,6.0,0.0,6.0,2008,5,31
Mumbai,field,164.0,0.0,7.0,7.0,7.0,2008,6,1
Cape Town,field,166.0,0.0,5.0,5.0,0.0,2009,4,18
Cape Town,bat,134.0,8.0,7.0,8.0,8.0,2009,4,18
Cape Town,field,54.0,1.0,6.0,1.0,1.0,2009,4,19
Cape Town,bat,102.0,9.0,3.0,9.0,3.0,2009,4,19
Port Elizabeth,bat,180.0,8.0,0.0,0.0,0.0,2009,4,20
Durban,field,69.0,6.0,3.0,3.0,3.0,2009,4,21
Cape Town,bat,185.0,8.0,9.0,9.0,9.0,2009,4,22
Durban,bat,190.0,0.0,1.0,1.0,1.0,2009,4,23
Cape Town,field,151.0,3.0,7.0,7.0,3.0,2009,4,23
Durban,bat,169.0,8.0,6.0,6.0,8.0,2009,4,24
Durban,bat,169.0,9.0,5.0,9.0,9.0,2009,4,25
Port Elizabeth,bat,150.0,8.0,1.0,1.0,8.0,2009,4,26
Cape Town,bat,140.0,6.0,7.0,6.0,6.0,2009,4,26
Durban,field,166.0,0.0,9.0,9.0,9.0,2009,4,27
Port Elizabeth,bat,188.0,3.0,5.0,5.0,5.0,2009,4,27
Centurion,bat,144.0,1.0,7.0,7.0,1.0,2009,4,28
Durban,bat,140.0,8.0,3.0,8.0,3.0,2009,4,29
Durban,bat,120.0,6.0,5.0,6.0,6.0,2009,4,29
Centurion,field,149.0,9.0,1.0,1.0,1.0,2009,4,30
Centurion,field,165.0,0.0,7.0,0.0,7.0,2009,4,30
East London,bat,149.0,3.0,5.0,5.0,5.0,2009,5,1
Durban,bat,146.0,8.0,6.0,8.0,8.0,2009,5,1
Port Elizabeth,bat,142.0,9.0,7.0,7.0,9.0,2009,5,2
Johannesburg,field,164.0,0.0,1.0,0.0,1.0,2009,5,2
Port Elizabeth,bat,154.0,6.0,3.0,6.0,3.0,2009,5,3
Johannesburg,bat,150.0,8.0,5.0,8.0,5.0,2009,5,3
East London,bat,179.0,0.0,9.0,0.0,0.0,2009,5,4
Durban,field,212.0,6.0,7.0,7.0,6.0,2009,5,5
Durban,bat,155.0,1.0,3.0,1.0,3.0,2009,5,5
Centurion,bat,146.0,9.0,5.0,9.0,9.0,2009,5,6
Centurion,field,106.0,8.0,7.0,7.0,7.0,2009,5,7
Centurion,bat,187.0,0.0,6.0,0.0,0.0,2009,5,7
East London,bat,117.0,1.0,5.0,1.0,5.0,2009,5,8
Kimberley,field,169.0,9.0,6.0,6.0,6.0,2009,5,9
Kimberley,bat,141.0,0.0,7.0,0.0,7.0,2009,5,9
Port Elizabeth,bat,158.0,8.0,5.0,5.0,5.0,2009,5,10
Johannesburg,field,124.0,1.0,3.0,1.0,1.0,2009,5,10
Kimberley,bat,167.0,9.0,7.0,9.0,9.0,2009,5,11
Centurion,field,174.0,8.0,3.0,8.0,8.0,2009,5,12
Centurion,bat,120.0,6.0,5.0,5.0,6.0,2009,5,12
Durban,field,174.0,9.0,1.0,1.0,9.0,2009,5,13
Durban,bat,130.0,8.0,0.0,8.0,0.0,2009,5,14
Durban,bat,146.0,5.0,7.0,7.0,7.0,2009,5,14
Bloemfontein,field,121.0,1.0,6.0,6.0,6.0,2009,5,15
Port Elizabeth,bat,148.0,0.0,5.0,0.0,5.0,2009,5,16
Johannesburg,field,161.0,9.0,3.0,9.0,9.0,2009,5,16
Johannesburg,field,135.0,9.0,6.0,6.0,9.0,2009,5,17
Bloemfontein,bat,151.0,1.0,7.0,1.0,1.0,2009,5,17
Centurion,bat,189.0,0.0,3.0,3.0,0.0,2009,5,18
Johannesburg,bat,135.0,8.0,1.0,8.0,1.0,2009,5,19
Durban,field,102.0,3.0,7.0,3.0,3.0,2009,5,20
Durban,bat,117.0,0.0,6.0,0.0,0.0,2009,5,20
Centurion,field,166.0,1.0,5.0,1.0,1.0,2009,5,21
Centurion,bat,171.0,8.0,9.0,8.0,8.0,2009,5,21
Centurion,field,154.0,1.0,9.0,9.0,9.0,2009,5,22
Johannesburg,field,147.0,8.0,0.0,8.0,8.0,2009,5,23
Johannesburg,field,144.0,8.0,9.0,9.0,8.0,2009,5,24
Mumbai,field,162.0,9.0,3.0,3.0,9.0,2010,3,12
Mumbai,bat,213.0,5.0,7.0,5.0,5.0,2010,3,13
Chandigarh,field,143.0,6.0,1.0,1.0,1.0,2010,3,13
Kolkata,field,136.0,3.0,8.0,3.0,3.0,2010,3,14
Chennai,bat,191.0,0.0,9.0,9.0,9.0,2010,3,14
Ahmedabad,field,142.0,7.0,1.0,1.0,1.0,2010,3,15
Bangalore,bat,204.0,8.0,6.0,8.0,6.0,2010,3,16
Kolkata,bat,165.0,3.0,0.0,0.0,0.0,2010,3,16
Delhi,field,219.0,1.0,5.0,5.0,1.0,2010,3,17
Bangalore,field,93.0,8.0,7.0,8.0,8.0,2010,3,18
Delhi,bat,186.0,1.0,0.0,0.0,1.0,2010,3,19
Cuttack,field,171.0,9.0,6.0,9.0,6.0,2010,3,19
Ahmedabad,bat,169.0,7.0,3.0,7.0,7.0,2010,3,20
Mumbai,bat,152.0,5.0,8.0,8.0,5.0,2010,3,20
Cuttack,bat,172.0,9.0,1.0,9.0,9.0,2010,3,21
Chennai,field,137.0,0.0,6.0,6.0,0.0,2010,3,21
Mumbai,bat,156.0,5.0,3.0,5.0,3.0,2010,3,22
Bangalore,field,172.0,8.0,0.0,8.0,0.0,2010,3,23
Chandigarh,field,184.0,6.0,7.0,7.0,6.0,2010,3,24
Mumbai,field,181.0,0.0,5.0,5.0,5.0,2010,3,25
Bangalore,field,184.0,8.0,1.0,1.0,8.0,2010,3,25
Ahmedabad,bat,149.0,7.0,9.0,7.0,9.0,2010,3,26
Chandigarh,bat,184.0,6.0,3.0,3.0,3.0,2010,3,27
Ahmedabad,bat,178.0,7.0,0.0,7.0,7.0,2010,3,28
Mumbai,field,173.0,9.0,5.0,5.0,9.0,2010,3,28
Delhi,bat,178.0,1.0,3.0,1.0,1.0,2010,3,29
Mumbai,field,164.0,5.0,6.0,5.0,5.0,2010,3,30
Chennai,bat,162.0,0.0,8.0,0.0,8.0,2010,3,31
Delhi,bat,189.0,1.0,7.0,1.0,1.0,2010,3,31
Kolkata,bat,182.0,3.0,9.0,3.0,3.0,2010,4,1
Chandigarh,bat,182.0,6.0,8.0,8.0,6.0,2010,4,2
Chennai,bat,247.0,0.0,7.0,0.0,0.0,2010,4,3
Mumbai,bat,179.0,5.0,9.0,5.0,5.0,2010,4,3
Kolkata,bat,201.0,3.0,6.0,6.0,3.0,2010,4,4
Delhi,bat,185.0,1.0,8.0,1.0,1.0,2010,4,4
Nagpur,bat,160.0,9.0,7.0,7.0,7.0,2010,4,5
Chennai,bat,166.0,0.0,5.0,0.0,0.0,2010,4,6
Jaipur,bat,154.0,7.0,6.0,7.0,6.0,2010,4,7
Kolkata,bat,182.0,3.0,1.0,3.0,3.0,2010,4,7
Bangalore,field,185.0,8.0,9.0,9.0,9.0,2010,4,8
Chandigarh,bat,155.0,6.0,5.0,6.0,5.0,2010,4,9
Nagpur,bat,139.0,9.0,0.0,9.0,0.0,2010,4,10
Bangalore,field,161.0,8.0,3.0,8.0,8.0,2010,4,10
Delhi,bat,112.0,1.0,6.0,6.0,1.0,2010,4,11
Jaipur,field,175.0,7.0,5.0,5.0,7.0,2010,4,11
Nagpur,field,152.0,9.0,8.0,9.0,8.0,2010,4,12
Mumbai,bat,184.0,5.0,1.0,5.0,5.0,2010,4,13
Chennai,bat,140.0,0.0,3.0,0.0,3.0,2010,4,13
Jaipur,bat,131.0,7.0,8.0,8.0,7.0,2010,4,14
Chennai,bat,113.0,0.0,1.0,1.0,0.0,2010,4,15
Dharamsala,field,175.0,6.0,9.0,9.0,9.0,2010,4,16
Bangalore,field,192.0,8.0,5.0,5.0,8.0,2010,4,17
Kolkata,bat,133.0,3.0,7.0,3.0,7.0,2010,4,17
Dharamsala,field,193.0,6.0,0.0,0.0,0.0,2010,4,18
Delhi,bat,146.0,1.0,9.0,9.0,9.0,2010,4,18
Kolkata,bat,134.0,3.0,5.0,3.0,5.0,2010,4,19
Mumbai,bat,185.0,8.0,5.0,5.0,5.0,2010,4,21
Mumbai,bat,143.0,0.0,9.0,0.0,0.0,2010,4,22
Mumbai,bat,83.0,8.0,9.0,8.0,9.0,2010,4,24
Mumbai,bat,169.0,0.0,5.0,0.0,0.0,2010,4,25
Chennai,bat,154.0,0.0,3.0,0.0,0.0,2011,4,8
Hyderabad,field,138.0,9.0,7.0,7.0,7.0,2011,4,9
Delhi,bat,96.0,1.0,5.0,5.0,1.0,2011,4,10
Kolkata,bat,164.0,3.0,9.0,3.0,3.0,2011,4,11
Jaipur,bat,152.0,7.0,1.0,7.0,1.0,2011,4,12
Bangalore,field,141.0,8.0,5.0,5.0,5.0,2011,4,12
Chandigarh,field,189.0,6.0,0.0,6.0,6.0,2011,4,13
Hyderabad,field,176.0,9.0,8.0,9.0,8.0,2011,4,14
Jaipur,field,160.0,7.0,3.0,3.0,3.0,2011,4,15
Chennai,bat,184.0,0.0,8.0,0.0,0.0,2011,4,16
Hyderabad,field,166.0,9.0,6.0,6.0,6.0,2011,4,16
Kolkata,field,82.0,3.0,7.0,3.0,3.0,2011,4,17
Delhi,bat,169.0,1.0,9.0,9.0,9.0,2011,4,19
Chandigarh,field,196.0,6.0,7.0,6.0,7.0,2011,4,21
Mumbai,field,165.0,5.0,0.0,5.0,0.0,2011,4,22
Kolkata,field,172.0,3.0,8.0,8.0,8.0,2011,4,22
Delhi,field,232.0,1.0,6.0,1.0,6.0,2011,4,23
Hyderabad,field,173.0,9.0,5.0,5.0,9.0,2011,4,24
Delhi,field,161.0,1.0,8.0,8.0,8.0,2011,4,26
Delhi,field,149.0,1.0,3.0,3.0,1.0,2011,4,28
Jaipur,field,95.0,7.0,5.0,7.0,7.0,2011,4,29
Kolkata,field,120.0,3.0,6.0,3.0,3.0,2011,4,30
Chennai,bat,166.0,0.0,9.0,0.0,0.0,2011,5,1
Mumbai,field,160.0,5.0,6.0,5.0,6.0,2011,5,2
Hyderabad,field,170.0,9.0,3.0,3.0,9.0,2011,5,3
Chennai,bat,148.0,0.0,7.0,0.0,7.0,2011,5,4
Hyderabad,field,176.0,9.0,1.0,1.0,1.0,2011,5,5
Bangalore,field,206.0,8.0,6.0,8.0,6.0,2011,5,6
Kolkata,bat,52.0,3.0,0.0,3.0,0.0,2011,5,7
Mumbai,field,179.0,5.0,1.0,5.0,1.0,2011,5,7
Jaipur,field,197.0,7.0,0.0,0.0,7.0,2011,5,9
Chandigarh,field,164.0,6.0,5.0,6.0,5.0,2011,5,10
Jaipur,field,147.0,7.0,8.0,8.0,8.0,2011,5,11
Chennai,bat,177.0,0.0,1.0,0.0,0.0,2011,5,12
Bangalore,field,102.0,8.0,3.0,8.0,8.0,2011,5,14
Mumbai,bat,136.0,5.0,9.0,9.0,9.0,2011,5,14
Dharamsala,field,171.0,6.0,1.0,6.0,1.0,2011,5,15
Dharamsala,bat,233.0,6.0,8.0,6.0,6.0,2011,5,17
Mumbai,bat,134.0,5.0,7.0,7.0,5.0,2011,5,20
Dharamsala,field,199.0,6.0,9.0,9.0,6.0,2011,5,21
Bangalore,field,129.0,8.0,0.0,8.0,8.0,2011,5,22
Kolkata,field,176.0,3.0,5.0,5.0,5.0,2011,5,22
Mumbai,field,176.0,8.0,0.0,0.0,0.0,2011,5,24
Mumbai,field,148.0,5.0,3.0,5.0,5.0,2011,5,25
Chennai,field,186.0,8.0,5.0,8.0,5.0,2011,5,27
Chennai,bat,206.0,0.0,8.0,0.0,0.0,2011,5,28
Chennai,field,113.0,0.0,5.0,5.0,5.0,2012,4,4
Kolkata,field,98.0,3.0,1.0,1.0,1.0,2012,4,5
Jaipur,field,192.0,7.0,6.0,7.0,6.0,2012,4,6
Bangalore,field,158.0,8.0,1.0,8.0,1.0,2012,4,7
Visakhapatnam,field,194.0,9.0,0.0,0.0,9.0,2012,4,7
Jaipur,field,165.0,7.0,3.0,7.0,3.0,2012,4,8
Visakhapatnam,bat,139.0,9.0,5.0,5.0,9.0,2012,4,9
Bangalore,field,166.0,8.0,3.0,3.0,8.0,2012,4,10
Delhi,field,111.0,1.0,0.0,1.0,1.0,2012,4,10
Mumbai,field,198.0,5.0,7.0,5.0,7.0,2012,4,11
Chennai,bat,206.0,0.0,8.0,0.0,8.0,2012,4,12
Kolkata,bat,132.0,3.0,7.0,3.0,7.0,2012,4,13
Kolkata,field,135.0,3.0,6.0,6.0,3.0,2012,4,15
Bangalore,bat,196.0,8.0,7.0,7.0,7.0,2012,4,15
Mumbai,field,93.0,5.0,1.0,1.0,1.0,2012,4,16
Jaipur,bat,197.0,7.0,9.0,7.0,9.0,2012,4,17
Chandigarh,bat,125.0,6.0,3.0,3.0,6.0,2012,4,18
Delhi,bat,158.0,1.0,9.0,1.0,9.0,2012,4,19
Chandigarh,field,164.0,6.0,8.0,8.0,8.0,2012,4,20
Chennai,bat,147.0,0.0,7.0,0.0,7.0,2012,4,21
Mumbai,bat,164.0,5.0,6.0,6.0,5.0,2012,4,22
Cuttack,field,127.0,9.0,3.0,3.0,3.0,2012,4,22
Jaipur,field,190.0,7.0,8.0,8.0,7.0,2012,4,23
Chandigarh,bat,169.0,6.0,5.0,5.0,6.0,2012,4,25
Delhi,field,208.0,1.0,5.0,1.0,5.0,2012,4,27
Chennai,bat,157.0,0.0,6.0,6.0,6.0,2012,4,28
Kolkata,bat,191.0,3.0,8.0,3.0,3.0,2012,4,28
Delhi,bat,153.0,1.0,7.0,1.0,1.0,2012,4,29
Mumbai,field,101.0,5.0,9.0,5.0,5.0,2012,4,29
Chennai,bat,140.0,0.0,3.0,3.0,0.0,2012,4,30
Jaipur,bat,142.0,7.0,1.0,1.0,7.0,2012,5,1
Bangalore,field,159.0,8.0,6.0,6.0,6.0,2012,5,2
Chennai,bat,161.0,0.0,9.0,0.0,0.0,2012,5,4
Chandigarh,bat,178.0,6.0,7.0,7.0,7.0,2012,5,5
Mumbai,field,174.0,5.0,0.0,5.0,5.0,2012,5,6
Bangalore,field,182.0,8.0,9.0,8.0,8.0,2012,5,6
Delhi,bat,154.0,1.0,3.0,3.0,1.0,2012,5,7
Hyderabad,field,171.0,9.0,6.0,6.0,9.0,2012,5,8
Mumbai,field,142.0,5.0,8.0,8.0,8.0,2012,5,9
Hyderabad,bat,188.0,9.0,1.0,1.0,9.0,2012,5,10
Jaipur,field,127.0,7.0,0.0,0.0,0.0,2012,5,10
Kolkata,bat,183.0,3.0,5.0,5.0,5.0,2012,5,12
Chennai,field,115.0,0.0,1.0,0.0,0.0,2012,5,12
Chandigarh,bat,191.0,6.0,9.0,6.0,9.0,2012,5,13
Bangalore,field,172.0,8.0,5.0,5.0,5.0,2012,5,14
Kolkata,field,159.0,3.0,0.0,0.0,0.0,2012,5,14
Delhi,bat,137.0,1.0,6.0,1.0,6.0,2012,5,15
Mumbai,field,141.0,5.0,3.0,3.0,5.0,2012,5,16
Dharamsala,field,121.0,6.0,0.0,6.0,6.0,2012,5,17
Delhi,field,216.0,1.0,8.0,8.0,1.0,2012,5,17
Hyderabad,bat,127.0,9.0,7.0,9.0,7.0,2012,5,18
Dharamsala,field,142.0,6.0,1.0,1.0,1.0,2012,5,19
Hyderabad,field,133.0,9.0,8.0,9.0,8.0,2012,5,20
Jaipur,bat,163.0,7.0,5.0,5.0,7.0,2012,5,20
Pune,bat,163.0,1.0,3.0,3.0,3.0,2012,5,22
Bangalore,field,188.0,0.0,5.0,0.0,5.0,2012,5,23
Chennai,field,223.0,1.0,0.0,0.0,1.0,2012,5,25
Chennai,bat,191.0,3.0,0.0,3.0,0.0,2012,5,27
Kolkata,field,129.0,3.0,1.0,3.0,3.0,2013,4,3
Bangalore,field,157.0,8.0,5.0,8.0,5.0,2013,4,4
Delhi,bat,166.0,1.0,7.0,7.0,7.0,2013,4,6
Chennai,bat,149.0,0.0,5.0,5.0,5.0,2013,4,6
Hyderabad,bat,131.0,9.0,8.0,9.0,8.0,2013,4,7
Jaipur,field,145.0,7.0,3.0,7.0,3.0,2013,4,8
Mumbai,bat,210.0,5.0,1.0,5.0,5.0,2013,4,9
Bangalore,bat,162.0,8.0,9.0,8.0,9.0,2013,4,9
Chandigarh,field,139.0,6.0,0.0,0.0,0.0,2013,4,10
Bangalore,field,155.0,8.0,3.0,8.0,8.0,2013,4,11
Delhi,bat,115.0,1.0,9.0,9.0,1.0,2013,4,12
Chennai,field,166.0,0.0,8.0,0.0,0.0,2013,4,13
Kolkata,bat,181.0,3.0,9.0,3.0,3.0,2013,4,14
Jaipur,field,125.0,7.0,6.0,7.0,7.0,2013,4,14
Chandigarh,field,158.0,6.0,3.0,6.0,3.0,2013,4,16
Bangalore,field,153.0,8.0,1.0,8.0,8.0,2013,4,16
Jaipur,bat,180.0,7.0,5.0,7.0,7.0,2013,4,17
Delhi,bat,170.0,1.0,0.0,0.0,0.0,2013,4,18
Hyderabad,bat,124.0,9.0,6.0,9.0,6.0,2013,4,19
Kolkata,bat,120.0,3.0,0.0,0.0,3.0,2013,4,20
Bangalore,field,118.0,8.0,7.0,8.0,8.0,2013,4,20
Delhi,bat,162.0,1.0,5.0,1.0,5.0,2013,4,21
Chennai,bat,186.0,0.0,7.0,0.0,7.0,2013,4,22
Delhi,field,121.0,1.0,6.0,6.0,6.0,2013,4,23
Kolkata,bat,160.0,3.0,5.0,5.0,3.0,2013,4,24
Chennai,bat,160.0,0.0,9.0,0.0,9.0,2013,4,25
Kolkata,bat,150.0,3.0,6.0,3.0,6.0,2013,4,26
Jaipur,bat,145.0,7.0,9.0,7.0,9.0,2013,4,27
Mumbai,bat,195.0,5.0,8.0,5.0,5.0,2013,4,27
Chennai,field,201.0,0.0,3.0,0.0,3.0,2013,4,28
Jaipur,field,172.0,7.0,8.0,7.0,7.0,2013,4,29
Mumbai,bat,175.0,5.0,6.0,5.0,5.0,2013,4,29
Hyderabad,bat,130.0,9.0,5.0,9.0,5.0,2013,5,1
Raipur,bat,137.0,1.0,3.0,1.0,3.0,2013,5,1
Chennai,bat,187.0,0.0,6.0,0.0,0.0,2013,5,2
Kolkata,bat,133.0,3.0,7.0,3.0,7.0,2013,5,3
Hyderabad,bat,81.0,9.0,1.0,9.0,1.0,2013,5,4
Mumbai,bat,140.0,5.0,0.0,5.0,5.0,2013,5,5
Chandigarh,field,191.0,6.0,8.0,6.0,6.0,2013,5,6
Jaipur,bat,155.0,7.0,1.0,7.0,1.0,2013,5,7
Mumbai,bat,171.0,5.0,3.0,5.0,5.0,2013,5,7
Hyderabad,field,224.0,9.0,0.0,0.0,9.0,2013,5,8
Chandigarh,field,146.0,6.0,7.0,7.0,7.0,2013,5,9
Delhi,field,184.0,1.0,8.0,8.0,1.0,2013,5,10
Chandigarh,field,151.0,6.0,9.0,9.0,6.0,2013,5,11
Ranchi,field,116.0,3.0,8.0,3.0,3.0,2013,5,12
Jaipur,field,142.0,7.0,0.0,7.0,7.0,2013,5,12
Mumbai,bat,179.0,5.0,9.0,5.0,9.0,2013,5,13
Bangalore,field,175.0,8.0,6.0,6.0,6.0,2013,5,14
Chennai,bat,169.0,0.0,1.0,0.0,0.0,2013,5,14
Mumbai,field,167.0,5.0,7.0,5.0,7.0,2013,5,15
Dharamsala,field,172.0,6.0,1.0,6.0,1.0,2013,5,16
Hyderabad,bat,137.0,9.0,7.0,9.0,9.0,2013,5,17
Dharamsala,field,184.0,6.0,5.0,6.0,5.0,2013,5,18
Bangalore,field,107.0,8.0,0.0,8.0,0.0,2013,5,18
Hyderabad,bat,131.0,9.0,3.0,9.0,3.0,2013,5,19
Delhi,bat,193.0,0.0,5.0,0.0,0.0,2013,5,21
Delhi,bat,133.0,7.0,9.0,7.0,9.0,2013,5,22
Kolkata,bat,166.0,5.0,7.0,5.0,7.0,2013,5,24
Kolkata,bat,149.0,0.0,5.0,5.0,5.0,2013,5,26
Abu Dhabi,bat,164.0,5.0,3.0,3.0,3.0,2014,4,16
Dubai,field,146.0,1.0,8.0,8.0,8.0,2014,4,17
Abu Dhabi,bat,206.0,0.0,6.0,6.0,0.0,2014,4,18
Abu Dhabi,field,134.0,9.0,7.0,7.0,7.0,2014,4,18
Dubai,field,116.0,8.0,5.0,8.0,8.0,2014,4,19
Dubai,bat,167.0,3.0,1.0,1.0,3.0,2014,4,19
Dubai,field,192.0,7.0,6.0,6.0,6.0,2014,4,20
Abu Dhabi,bat,178.0,0.0,1.0,0.0,0.0,2014,4,21
Dubai,field,194.0,6.0,9.0,6.0,9.0,2014,4,22
Dubai,field,141.0,7.0,0.0,0.0,7.0,2014,4,23
Dubai,field,151.0,8.0,3.0,3.0,8.0,2014,4,24
Dubai,bat,185.0,9.0,1.0,9.0,9.0,2014,4,25
Dubai,bat,142.0,0.0,5.0,0.0,5.0,2014,4,25
Abu Dhabi,field,71.0,7.0,8.0,7.0,7.0,2014,4,26
Abu Dhabi,field,133.0,3.0,6.0,6.0,3.0,2014,4,26
Dubai,bat,126.0,1.0,5.0,1.0,5.0,2014,4,27
Dubai,bat,146.0,9.0,0.0,0.0,9.0,2014,4,27
Dubai,field,125.0,6.0,8.0,6.0,6.0,2014,4,28
Abu Dhabi,bat,153.0,3.0,7.0,7.0,7.0,2014,4,29
Dubai,field,173.0,5.0,9.0,9.0,5.0,2014,4,30
Ranchi,bat,149.0,0.0,3.0,0.0,0.0,2014,5,2
Mumbai,bat,169.0,5.0,6.0,5.0,6.0,2014,5,3
Delhi,field,153.0,1.0,7.0,7.0,7.0,2014,5,3
Bangalore,field,156.0,8.0,9.0,8.0,8.0,2014,5,4
Ahmedabad,field,171.0,7.0,3.0,7.0,3.0,2014,5,5
Delhi,field,179.0,1.0,0.0,0.0,0.0,2014,5,5
Mumbai,field,188.0,5.0,8.0,5.0,8.0,2014,5,6
Delhi,bat,161.0,1.0,3.0,3.0,1.0,2014,5,7
Cuttack,field,232.0,6.0,0.0,6.0,0.0,2014,5,7
Ahmedabad,field,135.0,7.0,9.0,9.0,7.0,2014,5,8
Bangalore,field,199.0,8.0,6.0,6.0,8.0,2014,5,9
Delhi,field,43.0,1.0,9.0,9.0,9.0,2014,5,10
Mumbai,field,158.0,5.0,0.0,0.0,0.0,2014,5,10
Cuttack,field,150.0,6.0,3.0,3.0,3.0,2014,5,11
Bangalore,bat,191.0,8.0,7.0,7.0,8.0,2014,5,11
Hyderabad,bat,158.0,9.0,5.0,5.0,9.0,2014,5,12
Ranchi,bat,149.0,0.0,7.0,0.0,7.0,2014,5,13
Bangalore,field,187.0,8.0,1.0,8.0,1.0,2014,5,13
Hyderabad,field,206.0,9.0,6.0,6.0,6.0,2014,5,14
Cuttack,field,142.0,3.0,5.0,3.0,3.0,2014,5,14
Ahmedabad,field,202.0,7.0,1.0,7.0,1.0,2014,5,15
Ranchi,bat,139.0,0.0,8.0,8.0,0.0,2014,5,18
Hyderabad,bat,143.0,9.0,3.0,3.0,9.0,2014,5,18
Ahmedabad,bat,179.0,7.0,5.0,5.0,5.0,2014,5,19
Delhi,field,165.0,1.0,6.0,6.0,6.0,2014,5,19
Hyderabad,bat,161.0,9.0,8.0,9.0,8.0,2014,5,20
Kolkata,field,155.0,3.0,0.0,3.0,3.0,2014,5,20
Chandigarh,field,157.0,6.0,5.0,5.0,5.0,2014,5,21
Kolkata,field,196.0,3.0,8.0,3.0,8.0,2014,5,22
Ranchi,field,186.0,0.0,9.0,9.0,9.0,2014,5,22
Mumbai,field,174.0,5.0,1.0,5.0,1.0,2014,5,23
Chandigarh,field,180.0,6.0,7.0,6.0,7.0,2014,5,23
Bangalore,field,155.0,8.0,0.0,0.0,0.0,2014,5,24
Kolkata,field,161.0,3.0,9.0,3.0,3.0,2014,5,24
Chandigarh,field,116.0,6.0,1.0,6.0,6.0,2014,5,25
Mumbai,field,190.0,5.0,7.0,5.0,5.0,2014,5,25
Kolkata,field,164.0,6.0,3.0,3.0,6.0,2014,5,27
Mumbai,field,174.0,0.0,5.0,0.0,0.0,2014,5,28
Mumbai,field,227.0,0.0,6.0,6.0,0.0,2014,5,30
Bangalore,field,200.0,3.0,6.0,3.0,3.0,2014,6,1
Kolkata,field,169.0,3.0,5.0,3.0,3.0,2015,4,8
Chennai,field,151.0,0.0,1.0,0.0,1.0,2015,4,9
Pune,field,163.0,6.0,7.0,7.0,6.0,2015,4,10
Chennai,bat,210.0,0.0,9.0,0.0,0.0,2015,4,11
Kolkata,field,178.0,3.0,8.0,8.0,8.0,2015,4,11
Delhi,field,185.0,1.0,7.0,7.0,7.0,2015,4,12
Mumbai,field,178.0,5.0,6.0,6.0,5.0,2015,4,12
Bangalore,field,167.0,8.0,9.0,9.0,9.0,2015,4,13
Ahmedabad,bat,165.0,7.0,5.0,7.0,5.0,2015,4,14
Pune,bat,166.0,6.0,1.0,1.0,6.0,2015,4,15
Visakhapatnam,field,128.0,9.0,7.0,7.0,7.0,2015,4,16
Mumbai,bat,184.0,5.0,0.0,0.0,5.0,2015,4,17
Visakhapatnam,bat,168.0,9.0,1.0,1.0,1.0,2015,4,18
Pune,field,156.0,6.0,3.0,3.0,3.0,2015,4,18
Ahmedabad,bat,157.0,7.0,0.0,7.0,0.0,2015,4,19
Bangalore,field,210.0,8.0,5.0,5.0,8.0,2015,4,19
Delhi,field,147.0,1.0,3.0,3.0,3.0,2015,4,20
Ahmedabad,field,192.0,7.0,6.0,6.0,6.0,2015,4,21
Visakhapatnam,field,118.0,9.0,3.0,9.0,3.0,2015,4,22
Bangalore,field,182.0,8.0,0.0,0.0,8.0,2015,4,22
Delhi,field,191.0,1.0,5.0,1.0,5.0,2015,4,23
Ahmedabad,field,131.0,7.0,8.0,8.0,8.0,2015,4,24
Mumbai,bat,158.0,5.0,9.0,5.0,5.0,2015,4,25
Chennai,bat,193.0,0.0,6.0,0.0,0.0,2015,4,25
Delhi,field,96.0,1.0,8.0,8.0,8.0,2015,4,26
Chandigarh,field,151.0,6.0,9.0,9.0,6.0,2015,4,27
Chennai,field,135.0,0.0,3.0,0.0,3.0,2015,4,28
Kolkata,field,166.0,3.0,0.0,3.0,3.0,2015,4,30
Delhi,field,119.0,1.0,6.0,1.0,1.0,2015,5,1
Mumbai,field,188.0,5.0,7.0,5.0,7.0,2015,5,1
Bangalore,field,112.0,8.0,3.0,8.0,8.0,2015,5,2
Hyderabad,field,193.0,9.0,0.0,9.0,0.0,2015,5,2
Chandigarh,bat,173.0,6.0,5.0,5.0,5.0,2015,5,3
Mumbai,field,190.0,7.0,1.0,7.0,1.0,2015,5,3
Chennai,bat,149.0,0.0,8.0,0.0,0.0,2015,5,4
Kolkata,field,168.0,3.0,9.0,3.0,9.0,2015,5,4
Mumbai,bat,153.0,5.0,1.0,5.0,1.0,2015,5,5
Bangalore,field,227.0,8.0,6.0,8.0,6.0,2015,5,6
Kolkata,bat,172.0,3.0,1.0,3.0,3.0,2015,5,7
Mumbai,field,202.0,7.0,9.0,9.0,7.0,2015,5,7
Chennai,bat,159.0,0.0,5.0,5.0,0.0,2015,5,8
Kolkata,bat,184.0,3.0,6.0,3.0,6.0,2015,5,9
Raipur,bat,164.0,1.0,9.0,9.0,9.0,2015,5,9
Mumbai,bat,236.0,5.0,8.0,8.0,8.0,2015,5,10
Chennai,bat,158.0,0.0,7.0,0.0,0.0,2015,5,10
Hyderabad,bat,186.0,9.0,6.0,9.0,9.0,2015,5,11
Raipur,bat,120.0,1.0,0.0,1.0,0.0,2015,5,12
Chandigarh,field,107.0,6.0,8.0,6.0,8.0,2015,5,13
Mumbai,field,172.0,5.0,3.0,5.0,3.0,2015,5,14
Hyderabad,bat,81.0,9.0,8.0,8.0,9.0,2015,5,15
Chandigarh,bat,131.0,6.0,0.0,0.0,6.0,2015,5,16
Mumbai,bat,200.0,7.0,3.0,7.0,7.0,2015,5,16
Hyderabad,bat,114.0,9.0,5.0,5.0,9.0,2015,5,17
Mumbai,bat,188.0,0.0,5.0,5.0,5.0,2015,5,19
Pune,bat,181.0,8.0,7.0,8.0,8.0,2015,5,20
Ranchi,field,140.0,0.0,8.0,0.0,0.0,2015,5,22
Kolkata,field,203.0,5.0,0.0,5.0,0.0,2015,5,24
Kolkata,field,99.0,3.0,1.0,3.0,3.0,2016,4,10
Chandigarh,field,162.0,6.0,2.0,2.0,2.0,2016,4,11
Bangalore,field,228.0,8.0,9.0,8.0,9.0,2016,4,12
Kolkata,field,188.0,3.0,5.0,5.0,5.0,2016,4,13
Delhi,field,112.0,1.0,6.0,1.0,1.0,2016,4,15
Hyderabad,bat,143.0,9.0,3.0,3.0,9.0,2016,4,16
Mumbai,field,144.0,5.0,2.0,2.0,2.0,2016,4,16
Bangalore,field,192.0,8.0,1.0,1.0,1.0,2016,4,17
Hyderabad,field,143.0,9.0,5.0,9.0,9.0,2016,4,18
Chandigarh,field,139.0,6.0,3.0,3.0,3.0,2016,4,19
Mumbai,field,171.0,5.0,8.0,5.0,5.0,2016,4,20
Rajkot,field,136.0,2.0,9.0,9.0,9.0,2016,4,21
Delhi,field,165.0,1.0,5.0,1.0,5.0,2016,4,23
Hyderabad,field,144.0,9.0,6.0,9.0,9.0,2016,4,23
Rajkot,bat,181.0,2.0,8.0,2.0,8.0,2016,4,24
Chandigarh,field,190.0,6.0,5.0,5.0,6.0,2016,4,25
Delhi,field,173.0,1.0,2.0,2.0,1.0,2016,4,27
Mumbai,field,175.0,5.0,3.0,5.0,5.0,2016,4,28
Delhi,field,187.0,1.0,3.0,1.0,3.0,2016,4,30
Hyderabad,field,195.0,9.0,8.0,9.0,8.0,2016,4,30
Rajkot,field,155.0,2.0,6.0,6.0,2.0,2016,5,1
Bangalore,field,186.0,8.0,3.0,3.0,3.0,2016,5,2
Rajkot,field,150.0,2.0,1.0,1.0,1.0,2016,5,3
Kolkata,field,165.0,3.0,6.0,3.0,6.0,2016,5,4
Hyderabad,field,127.0,9.0,2.0,9.0,9.0,2016,5,6
Chandigarh,field,182.0,6.0,1.0,6.0,1.0,2016,5,7
Visakhapatnam,field,178.0,5.0,9.0,9.0,5.0,2016,5,8
Kolkata,field,159.0,3.0,2.0,2.0,2.0,2016,5,8
Chandigarh,field,176.0,6.0,8.0,8.0,6.0,2016,5,9
Bangalore,field,152.0,8.0,5.0,5.0,5.0,2016,5,11
Hyderabad,field,147.0,9.0,1.0,1.0,1.0,2016,5,12
Visakhapatnam,bat,125.0,5.0,6.0,6.0,5.0,2016,5,13
Bangalore,field,249.0,8.0,2.0,8.0,2.0,2016,5,14
Chandigarh,bat,180.0,6.0,9.0,9.0,6.0,2016,5,15
Visakhapatnam,field,207.0,5.0,1.0,5.0,1.0,2016,5,15
Kolkata,field,184.0,3.0,8.0,8.0,8.0,2016,5,16
Bangalore,field,203.0,8.0,6.0,8.0,6.0,2016,5,18
Kanpur,field,125.0,2.0,3.0,2.0,2.0,2016,5,19
Raipur,field,159.0,1.0,9.0,1.0,1.0,2016,5,20
Kanpur,field,173.0,2.0,5.0,2.0,2.0,2016,5,21
Kolkata,field,172.0,3.0,9.0,3.0,9.0,2016,5,22
Raipur,field,139.0,1.0,8.0,8.0,8.0,2016,5,22
Bangalore,field,159.0,2.0,8.0,8.0,8.0,2016,5,24
Delhi,field,163.0,9.0,3.0,9.0,3.0,2016,5,25
Delhi,field,163.0,2.0,9.0,9.0,9.0,2016,5,27
Bangalore,bat,209.0,8.0,9.0,9.0,9.0,2016,5,29
Hyderabad,field,208.0,9.0,8.0,9.0,8.0,2017,4,5
Rajkot,field,184.0,2.0,3.0,3.0,3.0,2017,4,7
Bengaluru,bat,158.0,8.0,1.0,8.0,8.0,2017,4,8
Hyderabad,field,136.0,9.0,2.0,9.0,9.0,2017,4,9
Mumbai,field,179.0,5.0,3.0,5.0,5.0,2017,4,9
Indore,bat,149.0,6.0,8.0,6.0,8.0,2017,4,10
Mumbai,field,159.0,5.0,9.0,5.0,5.0,2017,4,12
Kolkata,field,171.0,3.0,6.0,3.0,3.0,2017,4,13
Bangalore,field,143.0,8.0,5.0,5.0,5.0,2017,4,14
Kolkata,field,173.0,3.0,9.0,3.0,9.0,2017,4,15
Delhi,bat,189.0,1.0,6.0,1.0,1.0,2017,4,15
Mumbai,field,177.0,5.0,2.0,5.0,5.0,2017,4,16
Delhi,bat,169.0,1.0,3.0,3.0,1.0,2017,4,17
Hyderabad,field,160.0,9.0,6.0,9.0,6.0,2017,4,17
Rajkot,field,214.0,2.0,8.0,8.0,2.0,2017,4,18
Hyderabad,bat,192.0,9.0,1.0,9.0,9.0,2017,4,19
Indore,field,199.0,6.0,5.0,5.0,5.0,2017,4,20
Kolkata,field,188.0,3.0,2.0,2.0,2.0,2017,4,21
Mumbai,field,143.0,5.0,1.0,5.0,1.0,2017,4,22
Rajkot,field,189.0,2.0,6.0,6.0,2.0,2017,4,23
Kolkata,field,132.0,3.0,8.0,3.0,8.0,2017,4,23
Bangalore,field,135.0,8.0,2.0,2.0,2.0,2017,4,27
Kolkata,field,161.0,3.0,1.0,3.0,3.0,2017,4,28
Chandigarh,field,208.0,6.0,9.0,9.0,6.0,2017,4,28
Rajkot,bat,154.0,2.0,5.0,5.0,2.0,2017,4,29
Chandigarh,field,68.0,6.0,1.0,6.0,6.0,2017,4,30
Hyderabad,field,210.0,9.0,3.0,9.0,3.0,2017,4,30
Mumbai,bat,163.0,5.0,8.0,5.0,8.0,2017,5,1
Delhi,field,186.0,1.0,9.0,1.0,1.0,2017,5,2
Delhi,field,209.0,1.0,2.0,1.0,1.0,2017,5,4
Bangalore,field,139.0,8.0,6.0,6.0,8.0,2017,5,5
Delhi,field,213.0,1.0,5.0,5.0,1.0,2017,5,6
Bangalore,field,159.0,8.0,3.0,3.0,3.0,2017,5,7
Chandigarh,field,190.0,6.0,2.0,2.0,2.0,2017,5,7
Hyderabad,bat,139.0,9.0,5.0,9.0,5.0,2017,5,8
Chandigarh,field,168.0,6.0,3.0,6.0,3.0,2017,5,9
Kanpur,field,196.0,2.0,1.0,1.0,1.0,2017,5,10
Mumbai,field,231.0,5.0,6.0,6.0,5.0,2017,5,11
Kanpur,field,155.0,2.0,9.0,9.0,9.0,2017,5,13
Kolkata,field,174.0,3.0,5.0,5.0,3.0,2017,5,13
Delhi,bat,162.0,1.0,8.0,8.0,8.0,2017,5,14
Bangalore,field,48.0,9.0,3.0,3.0,3.0,2017,5,17
Bangalore,field,108.0,5.0,3.0,5.0,5.0,2017,5,19
Mumbai,field,166.0,5.0,0.0,0.0,0.0,2018,4,7
Chandigarh,field,167.0,1.0,6.0,6.0,6.0,2018,4,8
Kolkata,field,177.0,8.0,3.0,3.0,3.0,2018,4,8
Hyderabad,field,126.0,7.0,9.0,9.0,9.0,2018,4,9
Chennai,field,203.0,3.0,0.0,0.0,0.0,2018,4,10
Jaipur,field,71.0,7.0,1.0,7.0,1.0,2018,4,11
Hyderabad,field,148.0,5.0,9.0,9.0,9.0,2018,4,12
Bengaluru,field,156.0,6.0,8.0,8.0,8.0,2018,4,13
Mumbai,field,195.0,5.0,1.0,1.0,1.0,2018,4,14
Kolkata,field,139.0,3.0,9.0,9.0,9.0,2018,4,14
Bengaluru,field,218.0,7.0,8.0,7.0,8.0,2018,4,15
Chandigarh,field,198.0,6.0,0.0,6.0,0.0,2018,4,15
Kolkata,field,201.0,3.0,1.0,3.0,1.0,2018,4,16
Mumbai,field,214.0,5.0,8.0,5.0,8.0,2018,4,17
Jaipur,field,161.0,7.0,3.0,3.0,3.0,2018,4,18
Chandigarh,bat,194.0,6.0,9.0,6.0,6.0,2018,4,19
Pune,field,205.0,0.0,7.0,0.0,7.0,2018,4,20
Kolkata,field,125.0,3.0,6.0,6.0,6.0,2018,4,21
Bengaluru,field,175.0,1.0,8.0,8.0,8.0,2018,4,21
Hyderabad,field,183.0,0.0,9.0,0.0,9.0,2018,4,22
Jaipur,bat,168.0,5.0,7.0,7.0,5.0,2018,4,22
Delhi,field,144.0,6.0,1.0,6.0,1.0,2018,4,23
Mumbai,field,119.0,9.0,5.0,9.0,5.0,2018,4,24
Bengaluru,field,206.0,8.0,0.0,0.0,0.0,2018,4,25
Hyderabad,field,133.0,9.0,6.0,9.0,6.0,2018,4,26
Delhi,field,220.0,1.0,3.0,1.0,3.0,2018,4,27
Pune,field,170.0,0.0,5.0,5.0,5.0,2018,4,28
Jaipur,bat,152.0,9.0,7.0,9.0,9.0,2018,4,29
Bengaluru,field,176.0,8.0,3.0,3.0,3.0,2018,4,29
Pune,field,212.0,0.0,1.0,0.0,1.0,2018,4,30
Bengaluru,field,168.0,8.0,5.0,8.0,5.0,2018,5,1
Delhi,field,151.0,1.0,7.0,1.0,7.0,2018,5,2
Kolkata,field,178.0,0.0,3.0,3.0,3.0,2018,5,3
Indore,field,175.0,6.0,5.0,5.0,5.0,2018,5,4
Pune,field,128.0,8.0,0.0,0.0,0.0,2018,5,5
Hyderabad,bat,164.0,1.0,9.0,9.0,1.0,2018,5,5
Mumbai,field,182.0,5.0,3.0,5.0,3.0,2018,5,6
Indore,field,153.0,7.0,6.0,6.0,6.0,2018,5,6
Hyderabad,field,147.0,9.0,8.0,9.0,8.0,2018,5,7
Jaipur,bat,159.0,7.0,6.0,7.0,7.0,2018,5,8
Kolkata,field,211.0,5.0,3.0,5.0,3.0,2018,5,9
Delhi,bat,188.0,1.0,9.0,9.0,1.0,2018,5,10
Jaipur,bat,177.0,0.0,7.0,7.0,0.0,2018,5,11
Indore,field,246.0,3.0,6.0,3.0,6.0,2018,5,12
Delhi,field,182.0,1.0,8.0,8.0,8.0,2018,5,12
Pune,field,180.0,9.0,0.0,0.0,0.0,2018,5,13
Mumbai,field,169.0,5.0,7.0,7.0,7.0,2018,5,13
Indore,field,89.0,6.0,8.0,8.0,8.0,2018,5,14
Kolkata,field,143.0,7.0,3.0,3.0,3.0,2018,5,15
Mumbai,field,187.0,5.0,6.0,5.0,6.0,2018,5,16
Bengaluru,field,219.0,8.0,9.0,8.0,9.0,2018,5,17
Delhi,field,163.0,1.0,0.0,1.0,0.0,2018,5,18
Jaipur,bat,165.0,7.0,8.0,7.0,7.0,2018,5,19
Hyderabad,bat,173.0,9.0,3.0,3.0,9.0,2018,5,19
Delhi,bat,175.0,1.0,5.0,1.0,1.0,2018,5,20
Pune,field,154.0,6.0,0.0,0.0,0.0,2018,5,20
Mumbai,field,140.0,9.0,0.0,0.0,0.0,2018,5,22
Kolkata,field,170.0,3.0,7.0,3.0,7.0,2018,5,23
Kolkata,field,175.0,9.0,3.0,9.0,3.0,2018,5,25
Mumbai,field,179.0,9.0,0.0,0.0,0.0,2018,5,27
Chennai,field,71.0,8.0,0.0,0.0,0.0,2019,3,23
Kolkata,field,182.0,9.0,3.0,3.0,3.0,2019,3,24
Mumbai,field,214.0,1.0,5.0,1.0,5.0,2019,3,24
Jaipur,field,185.0,6.0,7.0,6.0,7.0,2019,3,25
Delhi,bat,148.0,1.0,0.0,0.0,1.0,2019,3,26
Kolkata,field,219.0,3.0,6.0,3.0,6.0,2019,3,27
Bengaluru,field,188.0,5.0,8.0,5.0,8.0,2019,3,28
Hyderabad,bat,199.0,7.0,9.0,9.0,7.0,2019,3,29
Chandigarh,field,177.0,5.0,6.0,6.0,6.0,2019,3,30
Delhi,field,186.0,3.0,1.0,1.0,1.0,2019,3,30
Hyderabad,field,232.0,9.0,8.0,9.0,8.0,2019,3,31
Chennai,field,176.0,0.0,7.0,0.0,7.0,2019,3,31
Chandigarh,field,167.0,6.0,1.0,6.0,1.0,2019,4,1
Jaipur,field,159.0,8.0,7.0,7.0,7.0,2019,4,2
Mumbai,field,171.0,5.0,0.0,5.0,0.0,2019,4,3
Delhi,field,130.0,1.0,9.0,9.0,9.0,2019,4,4
Bengaluru,field,206.0,8.0,3.0,3.0,3.0,2019,4,5
Chennai,bat,161.0,0.0,6.0,0.0,0.0,2019,4,6
Hyderabad,field,137.0,5.0,9.0,5.0,9.0,2019,4,6
Bengaluru,field,150.0,8.0,1.0,1.0,1.0,2019,4,7
Jaipur,field,140.0,7.0,3.0,3.0,3.0,2019,4,7
Chandigarh,field,151.0,9.0,6.0,6.0,6.0,2019,4,8
Chennai,field,109.0,3.0,0.0,0.0,0.0,2019,4,9
Mumbai,field,198.0,6.0,5.0,5.0,5.0,2019,4,10
Jaipur,field,152.0,7.0,0.0,0.0,0.0,2019,4,11
Kolkata,field,179.0,3.0,1.0,1.0,1.0,2019,4,12
Mumbai,field,188.0,5.0,7.0,7.0,7.0,2019,4,13
Chandigarh,field,174.0,6.0,8.0,8.0,8.0,2019,4,13
Kolkata,field,162.0,3.0,0.0,0.0,0.0,2019,4,14
Hyderabad,field,156.0,1.0,9.0,1.0,9.0,2019,4,14
Mumbai,field,172.0,8.0,5.0,5.0,5.0,2019,4,15
Chandigarh,field,183.0,6.0,7.0,6.0,7.0,2019,4,16
Hyderabad,bat,133.0,0.0,9.0,9.0,0.0,2019,4,17
Delhi,bat,169.0,5.0,1.0,5.0,5.0,2019,4,18
Kolkata,field,214.0,8.0,3.0,8.0,3.0,2019,4,19
Jaipur,field,162.0,5.0,7.0,7.0,7.0,2019,4,20
Delhi,field,164.0,6.0,1.0,1.0,1.0,2019,4,20
Hyderabad,field,160.0,3.0,9.0,9.0,9.0,2019,4,21
Bengaluru,field,162.0,8.0,0.0,8.0,0.0,2019,4,21
Jaipur,field,192.0,7.0,1.0,1.0,1.0,2019,4,22
Chennai,field,176.0,9.0,0.0,0.0,0.0,2019,4,23
Bengaluru,field,203.0,8.0,6.0,8.0,6.0,2019,4,24
Kolkata,field,176.0,3.0,7.0,7.0,7.0,2019,4,25
Chennai,field,156.0,5.0,0.0,5.0,0.0,2019,4,26
Jaipur,field,161.0,9.0,7.0,7.0,7.0,2019,4,27
Delhi,bat,188.0,1.0,8.0,1.0,1.0,2019,4,28
Kolkata,field,233.0,3.0,5.0,3.0,5.0,2019,4,28
Hyderabad,field,213.0,9.0,6.0,9.0,6.0,2019,4,29
Chennai,field,180.0,0.0,1.0,0.0,1.0,2019,5,1
Mumbai,bat,163.0,5.0,9.0,5.0,5.0,2019,5,2
Chandigarh,field,184.0,6.0,3.0,3.0,3.0,2019,5,3
Delhi,bat,116.0,7.0,1.0,1.0,7.0,2019,5,4
Bengaluru,field,176.0,9.0,8.0,8.0,8.0,2019,5,4
Chandigarh,field,171.0,0.0,6.0,6.0,6.0,2019,5,5
Mumbai,field,134.0,3.0,5.0,5.0,5.0,2019,5,5
Chennai,bat,132.0,0.0,5.0,5.0,0.0,2019,5,7
Visakhapatnam,field,163.0,9.0,1.0,1.0,1.0,2019,5,8
Visakhapatnam,field,148.0,1.0,0.0,0.0,0.0,2019,5,10
Hyderabad,bat,150.0,5.0,0.0,5.0,5.0,2019,5,12
Abu Dhabi,field,163.0,5.0,0.0,0.0,0.0,2020,9,19
Dubai,field,158.0,1.0,6.0,1.0,6.0,2020,9,20
Dubai,field,164.0,8.0,9.0,8.0,9.0,2020,9,21
Dubai,field,217.0,7.0,0.0,7.0,0.0,2020,9,22
Abu Dhabi,field,196.0,5.0,3.0,5.0,3.0,2020,9,23
Dubai,field,207.0,6.0,8.0,6.0,8.0,2020,9,24
Dubai,field,176.0,1.0,0.0,1.0,0.0,2020,9,25
Abu Dhabi,bat,143.0,9.0,3.0,3.0,9.0,2020,9,26
Dubai,field,224.0,6.0,7.0,7.0,7.0,2020,9,27
Dubai,field,202.0,8.0,5.0,8.0,5.0,2020,9,28
Abu Dhabi,field,163.0,9.0,1.0,9.0,1.0,2020,9,29
Dubai,field,175.0,3.0,7.0,3.0,7.0,2020,9,30
Abu Dhabi,field,192.0,5.0,6.0,5.0,6.0,2020,10,1
Dubai,bat,165.0,9.0,0.0,9.0,9.0,2020,10,2
Abu Dhabi,bat,155.0,7.0,8.0,8.0,7.0,2020,10,3
Dubai,field,229.0,1.0,3.0,1.0,3.0,2020,10,3
Dubai,bat,179.0,6.0,0.0,0.0,6.0,2020,10,4
Dubai,bat,209.0,5.0,9.0,5.0,5.0,2020,10,4
Dubai,field,197.0,1.0,8.0,1.0,8.0,2020,10,5
Abu Dhabi,bat,194.0,5.0,7.0,5.0,5.0,2020,10,6
Abu Dhabi,bat,168.0,3.0,0.0,3.0,3.0,2020,10,7
Dubai,bat,202.0,9.0,6.0,9.0,9.0,2020,10,8
Dubai,field,185.0,1.0,7.0,1.0,7.0,2020,10,9
Abu Dhabi,bat,165.0,3.0,6.0,3.0,3.0,2020,10,10
Dubai,bat,170.0,8.0,0.0,8.0,8.0,2020,10,10
Dubai,bat,159.0,9.0,7.0,7.0,9.0,2020,10,11
Abu Dhabi,bat,163.0,1.0,5.0,5.0,1.0,2020,10,11
Dubai,bat,195.0,8.0,3.0,8.0,8.0,2020,10,12
Dubai,bat,168.0,0.0,9.0,0.0,0.0,2020,10,13
Dubai,bat,162.0,1.0,7.0,1.0,1.0,2020,10,14
Dubai,bat,172.0,8.0,6.0,6.0,8.0,2020,10,15
Abu Dhabi,bat,149.0,3.0,5.0,5.0,3.0,2020,10,16
Dubai,bat,180.0,0.0,1.0,1.0,0.0,2020,10,17
Dubai,bat,178.0,7.0,8.0,8.0,7.0,2020,10,17
Abu Dhabi,field,164.0,3.0,9.0,3.0,9.0,2020,10,18
Dubai,bat,177.0,5.0,6.0,6.0,5.0,2020,10,18
Abu Dhabi,bat,126.0,0.0,7.0,7.0,0.0,2020,10,19
Dubai,bat,165.0,1.0,6.0,6.0,1.0,2020,10,20
Abu Dhabi,bat,85.0,3.0,8.0,8.0,3.0,2020,10,21
Dubai,field,155.0,7.0,9.0,9.0,9.0,2020,10,22
Dubai,field,115.0,0.0,5.0,5.0,5.0,2020,10,23
Abu Dhabi,field,195.0,3.0,1.0,3.0,1.0,2020,10,24
Dubai,field,127.0,6.0,9.0,6.0,9.0,2020,10,24
Abu Dhabi,bat,196.0,5.0,7.0,7.0,5.0,2020,10,25
Dubai,bat,146.0,8.0,0.0,0.0,8.0,2020,10,25
Dubai,field,150.0,3.0,6.0,6.0,6.0,2020,10,26
Dubai,field,220.0,9.0,1.0,9.0,1.0,2020,10,27
Abu Dhabi,field,165.0,8.0,5.0,5.0,5.0,2020,10,28
Dubai,field,173.0,3.0,0.0,0.0,0.0,2020,10,29
Abu Dhabi,field,186.0,6.0,7.0,7.0,7.0,2020,10,30
Dubai,field,121.0,8.0,9.0,9.0,9.0,2020,10,31
Dubai,field,111.0,1.0,5.0,5.0,5.0,2020,10,31
Abu Dhabi,field,154.0,6.0,0.0,0.0,0.0,2020,11,1
Dubai,field,192.0,3.0,7.0,3.0,7.0,2020,11,1
Abu Dhabi,field,153.0,8.0,1.0,1.0,1.0,2020,11,2
Dubai,field,150.0,5.0,9.0,9.0,9.0,2020,11,3
Dubai,field,201.0,5.0,1.0,5.0,1.0,2020,11,5
Abu Dhabi,field,132.0,8.0,9.0,9.0,9.0,2020,11,6
Abu Dhabi,bat,190.0,1.0,9.0,1.0,1.0,2020,11,8
Dubai,bat,157.0,1.0,5.0,5.0,1.0,2020,11,10
Chennai,field,160.0,5.0,8.0,8.0,8.0,2021,4,9
Mumbai,field,189.0,0.0,1.0,1.0,1.0,2021,4,10
Chennai,field,188.0,3.0,9.0,3.0,9.0,2021,4,11
Mumbai,field,222.0,6.0,7.0,6.0,7.0,2021,4,12
Chennai,field,153.0,5.0,3.0,5.0,3.0,2021,4,13
Chennai,field,150.0,8.0,9.0,8.0,9.0,2021,4,14
Mumbai,field,148.0,1.0,7.0,7.0,7.0,2021,4,15
Mumbai,field,107.0,6.0,0.0,0.0,0.0,2021,4,16
Chennai,bat,151.0,5.0,9.0,5.0,5.0,2021,4,17
Chennai,bat,205.0,8.0,3.0,8.0,8.0,2021,4,18
Mumbai,field,196.0,6.0,1.0,1.0,1.0,2021,4,18
Mumbai,field,189.0,0.0,7.0,0.0,7.0,2021,4,19
Chennai,bat,138.0,5.0,1.0,1.0,5.0,2021,4,20
Chennai,bat,121.0,6.0,9.0,9.0,6.0,2021,4,21
Mumbai,field,221.0,0.0,3.0,0.0,3.0,2021,4,21
Mumbai,field,178.0,7.0,8.0,8.0,8.0,2021,4,22
Chennai,field,132.0,5.0,6.0,6.0,6.0,2021,4,23
Mumbai,field,134.0,3.0,7.0,7.0,7.0,2021,4,24
Mumbai,bat,192.0,0.0,8.0,0.0,0.0,2021,4,25
Chennai,bat,160.0,1.0,9.0,1.0,1.0,2021,4,25
Ahmedabad,field,124.0,6.0,3.0,3.0,3.0,2021,4,26
Ahmedabad,field,172.0,8.0,1.0,8.0,1.0,2021,4,27
Delhi,bat,172.0,9.0,0.0,0.0,9.0,2021,4,28
Delhi,field,172.0,7.0,5.0,5.0,5.0,2021,4,29
Ahmedabad,field,155.0,3.0,1.0,1.0,1.0,2021,4,29
Ahmedabad,field,180.0,6.0,8.0,6.0,8.0,2021,4,30
Delhi,field,219.0,0.0,5.0,5.0,5.0,2021,5,1
Delhi,field,221.0,7.0,9.0,7.0,9.0,2021,5,2
Ahmedabad,field,167.0,6.0,1.0,1.0,1.0,2021,5,2
Dubai,bat,157.0,0.0,5.0,0.0,0.0,2021,9,19
Abu Dhabi,bat,93.0,8.0,3.0,3.0,8.0,2021,9,20
Dubai,field,186.0,7.0,6.0,7.0,6.0,2021,9,21
Dubai,bat,135.0,9.0,1.0,1.0,9.0,2021,9,22
Abu Dhabi,field,156.0,5.0,3.0,3.0,3.0,2021,9,23
Sharjah,field,157.0,8.0,0.0,0.0,0.0,2021,9,24
Abu Dhabi,field,155.0,1.0,7.0,1.0,7.0,2021,9,25
Sharjah,field,126.0,6.0,9.0,6.0,9.0,2021,9,25
Abu Dhabi,bat,172.0,3.0,0.0,0.0,3.0,2021,9,26
Dubai,field,166.0,8.0,5.0,8.0,5.0,2021,9,26
Dubai,bat,165.0,7.0,9.0,9.0,7.0,2021,9,27
Sharjah,field,128.0,1.0,3.0,3.0,3.0,2021,9,28
Abu Dhabi,field,136.0,6.0,5.0,5.0,5.0,2021,9,28
Dubai,field,150.0,7.0,8.0,8.0,8.0,2021,9,29
Sharjah,field,135.0,9.0,0.0,0.0,0.0,2021,9,30
Dubai,field,166.0,3.0,6.0,6.0,6.0,2021,10,1
Abu Dhabi,field,190.0,0.0,7.0,7.0,7.0,2021,10,2
Sharjah,field,130.0,5.0,1.0,1.0,1.0,2021,10,2
Sharjah,bat,165.0,8.0,6.0,8.0,8.0,2021,10,3
Dubai,bat,116.0,9.0,3.0,3.0,9.0,2021,10,3
Dubai,field,137.0,0.0,1.0,1.0,1.0,2021,10,4
Sharjah,field,91.0,7.0,5.0,5.0,5.0,2021,10,5
Abu Dhabi,field,142.0,9.0,8.0,9.0,8.0,2021,10,6
Dubai,field,135.0,0.0,6.0,6.0,6.0,2021,10,7
Sharjah,field,172.0,3.0,7.0,3.0,7.0,2021,10,7
Abu Dhabi,bat,236.0,5.0,9.0,5.0,5.0,2021,10,8
Dubai,field,165.0,1.0,8.0,8.0,8.0,2021,10,8
Dubai,field,173.0,1.0,0.0,0.0,0.0,2021,10,10
Sharjah,bat,139.0,8.0,3.0,3.0,8.0,2021,10,11
Sharjah,field,136.0,1.0,3.0,3.0,3.0,2021,10,13
Dubai,field,193.0,0.0,3.0,0.0,3.0,2021,10,15
Mumbai,field,132.0,0.0,3.0,3.0,3.0,2022,3,26
Mumbai,field,178.0,5.0,1.0,1.0,1.0,2022,3,27
Mumbai,field,206.0,8.0,6.0,6.0,6.0,2022,3,27
Mumbai,field,159.0,4.0,2.0,2.0,2.0,2022,3,28
Pune,field,211.0,7.0,9.0,7.0,9.0,2022,3,29
Mumbai,field,129.0,3.0,8.0,8.0,8.0,2022,3,30
Mumbai,field,211.0,0.0,4.0,4.0,4.0,2022,3,31
Mumbai,field,138.0,6.0,3.0,3.0,3.0,2022,4,1
Mumbai,field,194.0,7.0,5.0,7.0,5.0,2022,4,2
Pune,field,172.0,2.0,1.0,2.0,1.0,2022,4,2
Mumbai,field,181.0,6.0,0.0,6.0,0.0,2022,4,3
Mumbai,field,170.0,4.0,9.0,4.0,9.0,2022,4,4
Mumbai,field,170.0,7.0,8.0,8.0,8.0,2022,4,5
Pune,field,162.0,5.0,3.0,3.0,3.0,2022,4,6
Mumbai,field,150.0,1.0,4.0,4.0,4.0,2022,4,7
Mumbai,field,190.0,6.0,2.0,2.0,2.0,2022,4,8
Mumbai,field,155.0,0.0,9.0,9.0,9.0,2022,4,9
Pune,field,152.0,5.0,8.0,8.0,8.0,2022,4,9
Mumbai,field,216.0,1.0,3.0,1.0,3.0,2022,4,10
Mumbai,field,166.0,7.0,4.0,7.0,4.0,2022,4,10
Mumbai,field,163.0,2.0,9.0,9.0,9.0,2022,4,11
Mumbai,field,217.0,0.0,8.0,0.0,8.0,2022,4,12
Pune,field,199.0,6.0,5.0,6.0,5.0,2022,4,13
Mumbai,field,193.0,2.0,7.0,2.0,7.0,2022,4,14
Mumbai,field,176.0,3.0,9.0,9.0,9.0,2022,4,15
Mumbai,field,200.0,4.0,5.0,4.0,5.0,2022,4,16
Mumbai,field,190.0,8.0,1.0,8.0,1.0,2022,4,16
Mumbai,field,152.0,6.0,9.0,9.0,9.0,2022,4,17
Pune,field,170.0,0.0,2.0,2.0,2.0,2022,4,17
Mumbai,field,218.0,7.0,3.0,7.0,3.0,2022,4,18
Mumbai,field,182.0,8.0,4.0,8.0,4.0,2022,4,19
Mumbai,field,116.0,6.0,1.0,1.0,1.0,2022,4,20
Navi Mumbai,field,156.0,5.0,0.0,0.0,0.0,2022,4,21
Mumbai,field,223.0,7.0,1.0,7.0,1.0,2022,4,22
Navi Mumbai,bat,157.0,2.0,3.0,2.0,2.0,2022,4,23
Mumbai,field,69.0,8.0,9.0,9.0,9.0,2022,4,23
Mumbai,field,169.0,4.0,5.0,4.0,5.0,2022,4,24
Mumbai,field,188.0,6.0,0.0,6.0,0.0,2022,4,25
Pune,field,145.0,7.0,8.0,7.0,8.0,2022,4,26
Mumbai,field,196.0,9.0,2.0,2.0,2.0,2022,4,27
Mumbai,field,147.0,3.0,1.0,1.0,1.0,2022,4,28
Pune,field,154.0,4.0,6.0,4.0,6.0,2022,4,29
Mumbai,bat,171.0,8.0,2.0,2.0,8.0,2022,4,30
Navi Mumbai,field,159.0,7.0,5.0,5.0,5.0,2022,4,30
Mumbai,bat,196.0,4.0,1.0,4.0,4.0,2022,5,1
Pune,field,203.0,0.0,9.0,0.0,9.0,2022,5,1
Mumbai,field,153.0,7.0,3.0,3.0,3.0,2022,5,2
Navi Mumbai,bat,144.0,2.0,6.0,6.0,2.0,2022,5,3
Pune,field,174.0,8.0,0.0,8.0,0.0,2022,5,4
Mumbai,field,208.0,1.0,9.0,1.0,9.0,2022,5,5
Mumbai,field,178.0,5.0,2.0,5.0,2.0,2022,5,6
Mumbai,bat,190.0,6.0,7.0,7.0,6.0,2022,5,7
Pune,field,177.0,4.0,3.0,4.0,3.0,2022,5,7
Mumbai,bat,193.0,8.0,9.0,8.0,8.0,2022,5,8
Navi Mumbai,field,209.0,0.0,1.0,0.0,1.0,2022,5,8
Navi Mumbai,field,166.0,3.0,5.0,3.0,5.0,2022,5,9
Pune,bat,145.0,2.0,4.0,2.0,2.0,2022,5,10
Navi Mumbai,field,161.0,7.0,1.0,1.0,1.0,2022,5,11
Mumbai,field,98.0,0.0,5.0,5.0,5.0,2022,5,12
Mumbai,field,210.0,6.0,8.0,6.0,8.0,2022,5,13
Pune,bat,178.0,3.0,9.0,3.0,3.0,2022,5,14
Mumbai,bat,134.0,0.0,2.0,2.0,0.0,2022,5,15
Mumbai,bat,179.0,7.0,4.0,7.0,7.0,2022,5,15
Navi Mumbai,field,160.0,1.0,6.0,1.0,6.0,2022,5,16
Mumbai,field,194.0,9.0,5.0,9.0,5.0,2022,5,17
Navi Mumbai,bat,211.0,4.0,3.0,4.0,4.0,2022,5,18
Mumbai,bat,169.0,2.0,8.0,8.0,2.0,2022,5,19
Mumbai,bat,151.0,0.0,7.0,7.0,0.0,2022,5,20
Mumbai,field,160.0,1.0,5.0,5.0,5.0,2022,5,21
Mumbai,bat,158.0,9.0,6.0,6.0,9.0,2022,5,22
Kolkata,field,189.0,7.0,2.0,2.0,2.0,2022,5,24
Kolkata,field,208.0,8.0,4.0,8.0,4.0,2022,5,25
Ahmedabad,field,158.0,8.0,7.0,7.0,7.0,2022,5,27
Ahmedabad,bat,131.0,7.0,2.0,2.0,7.0,2022,5,29
Ahmedabad,field,179.0,0.0,2.0,2.0,2.0,2023,3,31
Chandigarh,field,154.0,6.0,3.0,6.0,3.0,2023,4,1
Lucknow,field,194.0,4.0,1.0,4.0,1.0,2023,4,1
Hyderabad,field,204.0,7.0,9.0,7.0,9.0,2023,4,2
Bengaluru,field,172.0,5.0,8.0,8.0,8.0,2023,4,2
Chennai,field,218.0,0.0,4.0,0.0,4.0,2023,4,3
Delhi,field,163.0,1.0,2.0,2.0,2.0,2023,4,4
Guwahati,field,198.0,6.0,7.0,6.0,7.0,2023,4,5
Kolkata,field,205.0,3.0,8.0,3.0,8.0,2023,4,6
Lucknow,bat,122.0,9.0,4.0,4.0,9.0,2023,4,7
Guwahati,field,200.0,7.0,1.0,7.0,1.0,2023,4,8
Mumbai,field,158.0,5.0,0.0,0.0,0.0,2023,4,8
Ahmedabad,bat,205.0,2.0,3.0,3.0,2.0,2023,4,9
Hyderabad,field,144.0,6.0,9.0,9.0,9.0,2023,4,9
Bengaluru,field,213.0,8.0,4.0,4.0,4.0,2023,4,10
Delhi,field,173.0,1.0,5.0,5.0,5.0,2023,4,11
Chennai,field,176.0,7.0,0.0,7.0,0.0,2023,4,12
Chandigarh,field,154.0,6.0,2.0,2.0,2.0,2023,4,13
Kolkata,field,229.0,9.0,3.0,9.0,3.0,2023,4,14
Bengaluru,field,175.0,8.0,1.0,8.0,1.0,2023,4,15
Lucknow,field,160.0,4.0,6.0,6.0,6.0,2023,4,15
Mumbai,field,186.0,3.0,5.0,5.0,5.0,2023,4,16
Ahmedabad,field,178.0,2.0,7.0,7.0,7.0,2023,4,16
Bengaluru,field,227.0,0.0,8.0,0.0,8.0,2023,4,17
Hyderabad,field,193.0,5.0,9.0,5.0,9.0,2023,4,18
Jaipur,field,155.0,4.0,7.0,4.0,7.0,2023,4,19
Chandigarh,field,175.0,8.0,6.0,8.0,6.0,2023,4,20
Delhi,field,128.0,3.0,1.0,1.0,1.0,2023,4,20
Chennai,field,135.0,9.0,0.0,0.0,0.0,2023,4,21
Lucknow,bat,136.0,2.0,4.0,2.0,2.0,2023,4,22
Mumbai,field,215.0,6.0,5.0,6.0,5.0,2023,4,22
Bengaluru,field,190.0,8.0,7.0,8.0,7.0,2023,4,23
Kolkata,field,236.0,0.0,3.0,0.0,3.0,2023,4,23
Hyderabad,bat,145.0,1.0,9.0,1.0,1.0,2023,4,24
Ahmedabad,field,208.0,2.0,5.0,2.0,5.0,2023,4,25
Bengaluru,field,201.0,3.0,8.0,3.0,8.0,2023,4,26
Jaipur,bat,203.0,7.0,0.0,7.0,7.0,2023,4,27
Chandigarh,field,258.0,4.0,6.0,4.0,6.0,2023,4,28
Kolkata,field,180.0,3.0,2.0,2.0,2.0,2023,4,29
Delhi,bat,198.0,9.0,1.0,9.0,9.0,2023,4,29
Chennai,bat,201.0,0.0,6.0,6.0,0.0,2023,4,30
Mumbai,bat,213.0,7.0,5.0,5.0,7.0,2023,4,30
Lucknow,bat,127.0,8.0,4.0,8.0,8.0,2023,5,1
Ahmedabad,bat,131.0,1.0,2.0,1.0,1.0,2023,5,2
Chandigarh,field,215.0,6.0,5.0,5.0,5.0,2023,5,3
Hyderabad,bat,172.0,3.0,9.0,3.0,3.0,2023,5,4
Jaipur,bat,119.0,7.0,2.0,2.0,7.0,2023,5,5
Chennai,field,140.0,5.0,0.0,0.0,0.0,2023,5,6
Delhi,bat,182.0,8.0,1.0,1.0,8.0,2023,5,6
Ahmedabad,field,228.0,2.0,4.0,2.0,4.0,2023,5,7
Jaipur,bat,215.0,7.0,9.0,9.0,7.0,2023,5,7
Kolkata,bat,180.0,6.0,3.0,3.0,6.0,2023,5,8
Mumbai,field,200.0,8.0,5.0,5.0,5.0,2023,5,9
Chennai,bat,168.0,0.0,1.0,0.0,0.0,2023,5,10
Kolkata,field,150.0,3.0,7.0,7.0,7.0,2023,5,11
Mumbai,field,219.0,5.0,2.0,5.0,2.0,2023,5,12
Hyderabad,bat,183.0,9.0,4.0,4.0,9.0,2023,5,13
Delhi,field,168.0,6.0,1.0,6.0,1.0,2023,5,13
Jaipur,bat,172.0,8.0,7.0,8.0,8.0,2023,5,14
Chennai,bat,145.0,0.0,3.0,3.0,0.0,2023,5,14
Ahmedabad,field,189.0,2.0,9.0,2.0,9.0,2023,5,15
Lucknow,field,178.0,4.0,5.0,4.0,5.0,2023,5,16
Dharamsala,field,214.0,1.0,6.0,1.0,6.0,2023,5,17
Hyderabad,field,187.0,9.0,8.0,8.0,8.0,2023,5,18
Dharamsala,field,188.0,6.0,7.0,7.0,7.0,2023,5,19
Delhi,bat,224.0,0.0,1.0,0.0,0.0,2023,5,20
Kolkata,field,177.0,4.0,3.0,4.0,3.0,2023,5,20
Mumbai,field,201.0,9.0,5.0,5.0,5.0,2023,5,21
Bengaluru,field,198.0,8.0,2.0,2.0,2.0,2023,5,21
Chennai,field,173.0,0.0,2.0,0.0,2.0,2023,5,23
Chennai,bat,183.0,5.0,4.0,5.0,5.0,2023,5,24
Ahmedabad,field,234.0,2.0,5.0,2.0,5.0,2023,5,26
Ahmedabad,field,171.0,2.0,0.0,0.0,0.0,2023,5,29
Chennai,bat,174.0,8.0,0.0,0.0,8.0,2024,3,22
Mohali,field,175.0,1.0,6.0,6.0,6.0,2024,3,23
Kolkata,field,209.0,3.0,9.0,3.0,9.0,2024,3,23
Jaipur,bat,194.0,7.0,4.0,7.0,7.0,2024,3,24
Ahmedabad,field,169.0,2.0,5.0,2.0,5.0,2024,3,24
Bengaluru,field,177.0,6.0,8.0,8.0,8.0,2024,3,25
Chennai,field,207.0,0.0,2.0,0.0,2.0,2024,3,26
Hyderabad,field,278.0,9.0,5.0,9.0,5.0,2024,3,27
Jaipur,field,186.0,7.0,1.0,7.0,1.0,2024,3,28
Bengaluru,field,183.0,8.0,3.0,3.0,3.0,2024,3,29
Lucknow,bat,200.0,4.0,6.0,4.0,4.0,2024,3,30
Ahmedabad,bat,163.0,9.0,2.0,2.0,9.0,2024,3,31
Visakhapatnam,bat,192.0,1.0,0.0,1.0,1.0,2024,3,31
Mumbai,field,126.0,5.0,7.0,7.0,7.0,2024,4,1
Bengaluru,field,182.0,4.0,8.0,4.0,8.0,2024,4,2
Visakhapatnam,bat,273.0,3.0,1.0,3.0,3.0,2024,4,3
Ahmedabad,field,200.0,2.0,6.0,6.0,6.0,2024,4,4
Hyderabad,field,166.0,0.0,9.0,9.0,9.0,2024,4,5
Jaipur,field,184.0,8.0,7.0,7.0,7.0,2024,4,6
Mumbai,field,235.0,5.0,1.0,5.0,1.0,2024,4,7
Lucknow,bat,164.0,4.0,2.0,4.0,4.0,2024,4,7
Chennai,field,138.0,3.0,0.0,0.0,0.0,2024,4,8
Mohali,field,183.0,9.0,6.0,9.0,6.0,2024,4,9
Jaipur,field,197.0,7.0,2.0,2.0,2.0,2024,4,10
Mumbai,field,197.0,8.0,5.0,5.0,5.0,2024,4,11
Lucknow,bat,168.0,4.0,1.0,1.0,4.0,2024,4,12
Mohali,field,148.0,6.0,7.0,7.0,7.0,2024,4,13
Kolkata,field,162.0,4.0,3.0,3.0,3.0,2024,4,14
Mumbai,field,207.0,0.0,5.0,0.0,5.0,2024,4,14
Bengaluru,field,288.0,9.0,8.0,9.0,8.0,2024,4,15
Kolkata,field,224.0,3.0,7.0,7.0,7.0,2024,4,16
Ahmedabad,field,90.0,2.0,1.0,1.0,1.0,2024,4,17
Mohali,field,193.0,5.0,6.0,5.0,6.0,2024,4,18
Lucknow,field,177.0,0.0,4.0,4.0,4.0,2024,4,19
Delhi,field,267.0,9.0,1.0,9.0,1.0,2024,4,20
Kolkata,field,223.0,3.0,8.0,3.0,8.0,2024,4,21
Mohali,bat,143.0,6.0,2.0,2.0,6.0,2024,4,21
Jaipur,bat,180.0,5.0,7.0,7.0,5.0,2024,4,22
Chennai,field,211.0,0.0,4.0,4.0,4.0,2024,4,23
Delhi,field,225.0,1.0,2.0,1.0,2.0,2024,4,24
Hyderabad,bat,207.0,8.0,9.0,8.0,8.0,2024,4,25
Kolkata,field,262.0,3.0,6.0,6.0,6.0,2024,4,26
Delhi,field,258.0,1.0,5.0,1.0,5.0,2024,4,27
Lucknow,field,197.0,4.0,7.0,7.0,7.0,2024,4,27
Ahmedabad,field,201.0,2.0,8.0,8.0,8.0,2024,4,28
Chennai,field,213.0,0.0,9.0,0.0,9.0,2024,4,28
Kolkata,bat,154.0,1.0,3.0,3.0,1.0,2024,4,29
Lucknow,field,145.0,5.0,4.0,4.0,4.0,2024,4,30
Chennai,field,163.0,0.0,6.0,6.0,6.0,2024,5,1
Hyderabad,bat,202.0,9.0,7.0,9.0,9.0,2024,5,2
Mumbai,field,170.0,3.0,5.0,3.0,5.0,2024,5,3
Bengaluru,field,148.0,2.0,8.0,8.0,8.0,2024,5,4
Dharamsala,field,168.0,0.0,6.0,0.0,6.0,2024,5,5
Lucknow,field,236.0,3.0,4.0,3.0,4.0,2024,5,5
Mumbai,field,174.0,9.0,5.0,5.0,5.0,2024,5,6
Delhi,field,222.0,1.0,7.0,1.0,7.0,2024,5,7
Hyderabad,bat,166.0,4.0,9.0,9.0,4.0,2024,5,8
Dharamsala,field,242.0,8.0,6.0,8.0,6.0,2024,5,9
Ahmedabad,field,232.0,2.0,0.0,2.0,0.0,2024,5,10
Kolkata,field,158.0,3.0,5.0,3.0,5.0,2024,5,11
Chennai,bat,142.0,7.0,0.0,0.0,7.0,2024,5,12
Bengaluru,field,188.0,8.0,1.0,8.0,1.0,2024,5,12
Delhi,field,209.0,1.0,4.0,1.0,4.0,2024,5,14
Guwahati,bat,145.0,7.0,6.0,6.0,7.0,2024,5,15
Mumbai,field,215.0,4.0,5.0,4.0,5.0,2024,5,17
Bengaluru,field,219.0,8.0,0.0,8.0,0.0,2024,5,18
Hyderabad,bat,215.0,6.0,9.0,9.0,6.0,2024,5,19
Ahmedabad,bat,160.0,9.0,3.0,3.0,9.0,2024,5,21
Ahmedabad,field,173.0,8.0,7.0,7.0,7.0,2024,5,22
Chennai,field,176.0,9.0,7.0,9.0,7.0,2024,5,24
Chennai,bat,114.0,9.0,3.0,3.0,9.0,2024,5,26
